工况,CO浓度_mg_m3,降低量_mg_m3
基准工况,3526.7504461894073,0.0
优化工况,3407.016001959653,119.73444422975444
