工况,CO浓度_mg_m3,降低量_mg_m3
基准工况,3529.748866999927,0.0
优化工况,3399.583261297191,130.16560570273623
