工况,CO浓度_mg_m3,降低量_mg_m3
基准工况,3526.7883215706706,0.0
优化工况,3409.3198249775965,117.46849659307418
