工况,CO浓度_mg_m3,降低量_mg_m3
基准工况,3526.7883215706706,0.0
优化工况,3412.608731119624,114.1795904510468
